id,title
4,et porro tempora
8,quo adipisci enim quam ut ab
10,illo est ratione doloremque quia maiores aut
11,vero rerum temporibus dolor
12,ipsa repellendus fugit nisi
14,repellendus sunt dolores architecto voluptatum
15,ab voluptatum amet voluptas
16,accusamus eos facilis sint et aut voluptatem
17,quo laboriosam deleniti aut qui
19,molestiae ipsa aut voluptatibus pariatur dolor nihil
20,ullam nobis libero sapiente ad optio sint
22,distinctio vitae autem nihil ut molestias quo
25,voluptas quo tenetur perspiciatis explicabo natus
26,aliquam aut quasi
27,veritatis pariatur delectus
30,nemo perspiciatis repellat ut dolor libero commodi blanditiis omnis
35,repellendus veritatis molestias dicta incidunt
36,excepturi deleniti adipisci voluptatem et neque optio illum ad
40,totam atque quo nesciunt
43,tempore ut sint quis recusandae
44,cum debitis quis accusamus doloremque ipsa natus sapiente omnis
50,cupiditate necessitatibus ullam aut quis dolor voluptate
54,quis et est ut voluptate quam dolor
55,voluptatum omnis minima qui occaecati provident nulla voluptatem ratione
56,deleniti ea temporibus enim
60,et sequi qui architecto ut adipisci
61,odit optio omnis qui sunt
63,doloremque aut dolores quidem fuga qui nulla
73,sint amet quia totam corporis qui exercitationem commodi
76,sequi dolorem sed
79,eum ipsa maxime ut
80,tempore molestias dolores rerum sequi voluptates ipsum consequatur
81,suscipit qui totam
83,quidem at rerum quis ex aut sit quam
85,et quia ad iste a
86,incidunt ut saepe autem
87,laudantium quae eligendi consequatur quia et vero autem
89,sequi ut omnis et
90,molestiae nisi accusantium tenetur dolorem et
91,nulla quis consequatur saepe qui id expedita
92,in omnis laboriosam
93,odio iure consequatur molestiae quibusdam necessitatibus quia sint
95,vel nihil et molestiae iusto assumenda nemo quo ut
98,debitis accusantium ut quo facilis nihil quis sapiente necessitatibus
105,totam quia dolorem et illum repellat voluptas optio
106,ad illo quis voluptatem temporibus
108,a eos eaque nihil et exercitationem incidunt delectus
109,autem temporibus harum quisquam in culpa
110,aut aut ea corporis
116,ipsa dolores vel facilis ut
121,inventore aut nihil minima laudantium hic qui omnis
122,provident aut nobis culpa
126,ut asperiores perspiciatis veniam ipsum rerum saepe
127,voluptatem libero consectetur rerum ut
130,nulla aliquid eveniet harum laborum libero alias ut unde
132,qui molestiae voluptatibus velit iure harum quisquam
133,et labore eos enim rerum consequatur sunt
138,placeat minima consequatur rem qui ut
140,aut consectetur in blanditiis deserunt quia sed laboriosam
141,explicabo consectetur debitis voluptates quas quae culpa rerum non
142,maiores accusantium architecto necessitatibus reiciendis ea aut
146,molestiae suscipit ratione nihil odio libero impedit vero totam
147,eum itaque quod reprehenderit et facilis dolor autem ut
151,accusamus adipisci dicta qui quo ea explicabo sed vero
154,rerum non ex sapiente
155,voluptatem nobis consequatur et assumenda magnam
156,nam quia quia nulla repellat assumenda quibusdam sit nobis
157,dolorem veniam quisquam deserunt repellendus
158,debitis vitae delectus et harum accusamus aut deleniti a
159,debitis adipisci quibusdam aliquam sed dolore ea praesentium nobis
161,ex hic consequuntur earum omnis alias ut occaecati culpa
162,omnis laboriosam molestias animi sunt dolore
169,ea odio perferendis officiis
171,fugiat aut voluptatibus corrupti deleniti velit iste odio
175,laudantium eius officia perferendis provident perspiciatis asperiores
178,nesciunt itaque commodi tempore
179,omnis consequuntur cupiditate impedit itaque ipsam quo
180,debitis nisi et dolorem repellat et
182,inventore saepe cumque et aut illum enim
183,omnis nulla eum aliquam distinctio
188,vel non beatae est
189,culpa eius et voluptatem et
190,accusamus sint iusto et voluptatem exercitationem
191,temporibus atque distinctio omnis eius impedit tempore molestias pariatur
193,rerum debitis voluptatem qui eveniet tempora distinctio a
195,rerum ex veniam mollitia voluptatibus pariatur
196,consequuntur aut ut fugit similique
197,dignissimos quo nobis earum saepe
198,quis eius est sint explicabo
199,numquam repellendus a magnam
